id,index_name,index_strike_price,option_type,expiry,entry_start_price,entry_end_price,exit_first_target_price,exit_second_target_price,exit_third_target_price,exit_stop_loss_price,created_at_time,order_id,order_status,quantity,metadata,entry_type
1781,BANKNIFTY,48200,CE,5JUN,48044,48112,48198,48283,48369,48044,2024-01-02 04:25:00,,ANALYSE,50,"{""forced_risk"": 1000, ""sl_hit_cnt"": 1, ""target_hit_cnt"": 0, ""profit_percent"": -0.0014237419888532433, ""trade_entered"": true}",PULL_BACK_STRATEGY
1782,BANKNIFTY,47600,PE,5JUN,-47730,-47646,-47540,-47434,-47329,-47730,2024-01-03 06:13:00,,ANALYSE,50,"{""forced_risk"": 1000, ""sl_hit_cnt"": 1, ""target_hit_cnt"": 0, ""profit_percent"": -0.0017734868956108822, ""trade_entered"": true}",PULL_BACK_STRATEGY
1783,BANKNIFTY,47700,CE,5JUN,47597,47668,47758,47848,47937,47597,2024-01-03 06:51:00,,ANALYSE,50,"{""forced_risk"": 1000, ""sl_hit_cnt"": 1, ""target_hit_cnt"": 0, ""profit_percent"": -0.0015041237535124456, ""trade_entered"": true}",PULL_BACK_STRATEGY
1784,BANKNIFTY,47600,PE,5JUN,-47698,-47659,-47610,-47561,-47512,-47698,2024-01-03 07:34:00,,ANALYSE,50,"{""forced_risk"": 1000, ""sl_hit_cnt"": 0, ""target_hit_cnt"": 0, ""profit_percent"": 0, ""trade_entered"": false}",PULL_BACK_STRATEGY
1785,BANKNIFTY,47600,PE,5JUN,-47761,-47698,-47619,-47540,-47461,-47761,2024-01-03 07:48:00,,ANALYSE,50,"{""forced_risk"": 1000, ""sl_hit_cnt"": 1, ""target_hit_cnt"": 0, ""profit_percent"": -0.0013249836997653412, ""trade_entered"": true}",PULL_BACK_STRATEGY
1786,BANKNIFTY,48300,CE,5JUN,48131,48222,48336,48450,48564,48131,2024-01-05 05:13:00,,ANALYSE,50,"{""forced_risk"": 1000, ""sl_hit_cnt"": 1, ""target_hit_cnt"": 0, ""profit_percent"": -0.0018870722074701102, ""trade_entered"": true}",PULL_BACK_STRATEGY
1787,BANKNIFTY,48200,CE,5JUN,48073,48191,48338,48485,48632,48073,2024-01-05 05:26:00,,ANALYSE,50,"{""forced_risk"": 1000, ""sl_hit_cnt"": 1, ""target_hit_cnt"": 0, ""profit_percent"": -0.0024423419506986632, ""trade_entered"": true}",PULL_BACK_STRATEGY
1788,BANKNIFTY,48100,CE,5JUN,48030,48066,48112,48157,48203,48030,2024-01-05 06:17:00,,ANALYSE,50,"{""forced_risk"": 1000, ""sl_hit_cnt"": 1, ""target_hit_cnt"": 1, ""profit_percent"": 0.0007572826037207012, ""trade_entered"": true}",PULL_BACK_STRATEGY
1789,BANKNIFTY,48200,CE,5JUN,48056,48090,48134,48177,48220,48056,2024-01-05 07:29:00,,ANALYSE,50,"{""forced_risk"": 1000, ""sl_hit_cnt"": 1, ""target_hit_cnt"": 0, ""profit_percent"": -0.0007215509811118823, ""trade_entered"": true}",PULL_BACK_STRATEGY
1790,BANKNIFTY,48000,PE,5JUN,-48028,-47959,-47873,-47786,-47700,-48028,2024-01-05 09:20:00,,ANALYSE,50,"{""forced_risk"": 1000, ""sl_hit_cnt"": 1, ""target_hit_cnt"": 0, ""profit_percent"": -0.0014366363110349194, ""trade_entered"": true}",PULL_BACK_STRATEGY
1791,BANKNIFTY,48100,CE,5JUN,47924,47984,48060,48135,48210,47924,2024-01-08 05:24:00,,ANALYSE,50,"{""forced_risk"": 1000, ""sl_hit_cnt"": 0, ""target_hit_cnt"": 0, ""profit_percent"": 0, ""trade_entered"": false}",PULL_BACK_STRATEGY
1792,BANKNIFTY,47600,PE,5JUN,-47667,-47576,-47462,-47348,-47234,-47667,2024-01-09 03:45:00,,ANALYSE,50,"{""forced_risk"": 1000, ""sl_hit_cnt"": 0, ""target_hit_cnt"": 3, ""profit_percent"": 0.00047838643366692195, ""trade_entered"": true}",PULL_BACK_STRATEGY
1793,BANKNIFTY,47700,PE,5JUN,-47779,-47719,-47644,-47569,-47494,-47779,2024-01-09 04:49:00,,ANALYSE,50,"{""forced_risk"": 1000, ""sl_hit_cnt"": 0, ""target_hit_cnt"": 3, ""profit_percent"": 0.0003143342714465035, ""trade_entered"": true}",PULL_BACK_STRATEGY
1794,BANKNIFTY,47400,PE,5JUN,-47570,-47468,-47341,-47213,-47086,-47570,2024-01-12 03:46:00,,ANALYSE,50,"{""forced_risk"": 1000, ""sl_hit_cnt"": 1, ""target_hit_cnt"": 0, ""profit_percent"": -0.002150886477012392, ""trade_entered"": true}",PULL_BACK_STRATEGY
1795,BANKNIFTY,47500,PE,5JUN,-47529,-47493,-47447,-47402,-47357,-47529,2024-01-12 04:33:00,,ANALYSE,50,"{""forced_risk"": 1000, ""sl_hit_cnt"": 0, ""target_hit_cnt"": 0, ""profit_percent"": 0, ""trade_entered"": false}",PULL_BACK_STRATEGY
1796,BANKNIFTY,47700,CE,5JUN,47626,47720,47838,47956,48074,47626,2024-01-12 09:38:00,,ANALYSE,50,"{""forced_risk"": 1000, ""sl_hit_cnt"": 0, ""target_hit_cnt"": 3, ""profit_percent"": 0.003461795565464997, ""trade_entered"": true}",PULL_BACK_STRATEGY
1797,BANKNIFTY,47800,PE,5JUN,-47846,-47767,-47668,-47570,-47471,-47846,2024-01-15 03:45:00,,ANALYSE,50,"{""forced_risk"": 1000, ""sl_hit_cnt"": 0, ""target_hit_cnt"": 0, ""profit_percent"": 0, ""trade_entered"": false}",PULL_BACK_STRATEGY
1798,BANKNIFTY,48000,PE,5JUN,-48048,-47981,-47898,-47814,-47731,-48048,2024-01-15 05:02:00,,ANALYSE,50,"{""forced_risk"": 1000, ""sl_hit_cnt"": 0, ""target_hit_cnt"": 0, ""profit_percent"": 0, ""trade_entered"": false}",PULL_BACK_STRATEGY
1799,BANKNIFTY,48000,PE,5JUN,-48098,-48009,-47897,-47786,-47674,-48098,2024-01-15 06:46:00,,ANALYSE,50,"{""forced_risk"": 1000, ""sl_hit_cnt"": 0, ""target_hit_cnt"": 0, ""profit_percent"": 0, ""trade_entered"": false}",PULL_BACK_STRATEGY
1800,BANKNIFTY,48200,CE,5JUN,48060,48113,48180,48247,48313,48060,2024-01-15 08:03:00,,ANALYSE,50,"{""forced_risk"": 1000, ""sl_hit_cnt"": 1, ""target_hit_cnt"": 0, ""profit_percent"": -0.001109874453246569, ""trade_entered"": true}",PULL_BACK_STRATEGY
1801,BANKNIFTY,48100,CE,5JUN,48022,48086,48167,48248,48329,48022,2024-01-15 09:02:00,,ANALYSE,50,"{""forced_risk"": 1000, ""sl_hit_cnt"": 1, ""target_hit_cnt"": 2, ""profit_percent"": 0.0020180153201967647, ""trade_entered"": true}",PULL_BACK_STRATEGY
1802,BANKNIFTY,46900,CE,5JUN,46793,46953,47153,47353,47553,46793,2024-01-17 05:06:00,,ANALYSE,50,"{""forced_risk"": 1000, ""sl_hit_cnt"": 0, ""target_hit_cnt"": 0, ""profit_percent"": 0, ""trade_entered"": false}",PULL_BACK_STRATEGY
1803,BANKNIFTY,46800,CE,5JUN,46648,46680,46720,46760,46800,46648,2024-01-17 05:24:00,,ANALYSE,50,"{""forced_risk"": 1000, ""sl_hit_cnt"": 1, ""target_hit_cnt"": 0, ""profit_percent"": -0.0006876525662186616, ""trade_entered"": true}",PULL_BACK_STRATEGY
1804,BANKNIFTY,46700,CE,5JUN,46534,46793,47117,47441,47765,46534,2024-01-17 05:46:00,,ANALYSE,50,"{""forced_risk"": 1000, ""sl_hit_cnt"": 0, ""target_hit_cnt"": 0, ""profit_percent"": 0, ""trade_entered"": false}",PULL_BACK_STRATEGY
1805,BANKNIFTY,46400,CE,5JUN,46276,46328,46393,46459,46524,46276,2024-01-17 06:35:00,,ANALYSE,50,"{""forced_risk"": 1000, ""sl_hit_cnt"": 1, ""target_hit_cnt"": 2, ""profit_percent"": 0.0016866398438983518, ""trade_entered"": true}",PULL_BACK_STRATEGY
1806,BANKNIFTY,45800,PE,5JUN,-45775,-45704,-45616,-45529,-45441,-45775,2024-01-18 04:39:00,,ANALYSE,50,"{""forced_risk"": 1000, ""sl_hit_cnt"": 1, ""target_hit_cnt"": 1, ""profit_percent"": 0.0015381316623199952, ""trade_entered"": true}",PULL_BACK_STRATEGY
1807,BANKNIFTY,45900,CE,5JUN,45688,45869,46094,46319,46544,45688,2024-01-18 07:18:00,,ANALYSE,50,"{""forced_risk"": 1000, ""sl_hit_cnt"": 0, ""target_hit_cnt"": 1, ""profit_percent"": 0.003928566367591226, ""trade_entered"": true}",PULL_BACK_STRATEGY
1808,BANKNIFTY,46000,CE,5JUN,45837,45987,46175,46362,46550,45837,2024-01-19 06:40:00,,ANALYSE,50,"{""forced_risk"": 1000, ""sl_hit_cnt"": 1, ""target_hit_cnt"": 0, ""profit_percent"": -0.0032639339645924824, ""trade_entered"": true}",PULL_BACK_STRATEGY
1809,BANKNIFTY,45900,PE,5JUN,-45927,-45804,-45650,-45496,-45343,-45927,2024-01-20 03:45:00,,ANALYSE,50,"{""forced_risk"": 1000, ""sl_hit_cnt"": 1, ""target_hit_cnt"": 0, ""profit_percent"": -0.0026853286089015367, ""trade_entered"": true}",PULL_BACK_STRATEGY
1810,BANKNIFTY,45900,PE,5JUN,-45988,-45879,-45742,-45606,-45469,-45988,2024-01-20 07:27:00,,ANALYSE,50,"{""forced_risk"": 1000, ""sl_hit_cnt"": 0, ""target_hit_cnt"": 3, ""profit_percent"": 0.0005950395930192642, ""trade_entered"": true}",PULL_BACK_STRATEGY
1811,BANKNIFTY,46200,CE,5JUN,46077,46260,46489,46717,46946,46077,2024-01-23 04:26:00,,ANALYSE,50,"{""forced_risk"": 1000, ""sl_hit_cnt"": 0, ""target_hit_cnt"": 0, ""profit_percent"": 0, ""trade_entered"": false}",PULL_BACK_STRATEGY
1812,BANKNIFTY,45200,PE,5JUN,-45253,-45027,-44746,-44464,-44182,-45253,2024-01-24 04:16:00,,ANALYSE,50,"{""forced_risk"": 1000, ""sl_hit_cnt"": 0, ""target_hit_cnt"": 1, ""profit_percent"": 0.005003575568870851, ""trade_entered"": true}",PULL_BACK_STRATEGY
1813,BANKNIFTY,45100,CE,5JUN,44894,44974,45074,45173,45273,44894,2024-01-24 06:24:00,,ANALYSE,50,"{""forced_risk"": 1000, ""sl_hit_cnt"": 1, ""target_hit_cnt"": 0, ""profit_percent"": -0.0017721153097867539, ""trade_entered"": true}",PULL_BACK_STRATEGY
1814,BANKNIFTY,44900,CE,5JUN,44702,44987,45343,45699,46055,44702,2024-01-24 06:34:00,,ANALYSE,50,"{""forced_risk"": 1000, ""sl_hit_cnt"": 1, ""target_hit_cnt"": 0, ""profit_percent"": -0.006332870241733847, ""trade_entered"": true}",PULL_BACK_STRATEGY
1815,BANKNIFTY,44800,CE,5JUN,44489,44869,45345,45821,46296,44489,2024-01-24 06:42:00,,ANALYSE,50,"{""forced_risk"": 1000, ""sl_hit_cnt"": 0, ""target_hit_cnt"": 0, ""profit_percent"": 0, ""trade_entered"": true}",PULL_BACK_STRATEGY
1816,BANKNIFTY,44900,PE,5JUN,-44960,-44841,-44693,-44545,-44397,-44960,2024-01-24 09:05:00,,ANALYSE,50,"{""forced_risk"": 1000, ""sl_hit_cnt"": 0, ""target_hit_cnt"": 2, ""profit_percent"": 0.0013228758053329109, ""trade_entered"": true}",PULL_BACK_STRATEGY
1817,BANKNIFTY,45000,CE,5JUN,44897,44988,45102,45216,45330,44897,2024-01-25 03:54:00,,ANALYSE,50,"{""forced_risk"": 1000, ""sl_hit_cnt"": 1, ""target_hit_cnt"": 1, ""profit_percent"": 0.002027180218988746, ""trade_entered"": true}",PULL_BACK_STRATEGY
1818,BANKNIFTY,44800,CE,5JUN,44666,44850,45080,45310,45540,44666,2024-01-25 04:46:00,,ANALYSE,50,"{""forced_risk"": 1000, ""sl_hit_cnt"": 0, ""target_hit_cnt"": 1, ""profit_percent"": 0.004104766300336867, ""trade_entered"": true}",PULL_BACK_STRATEGY
1819,BANKNIFTY,44500,PE,5JUN,-44615,-44558,-44487,-44415,-44344,-44615,2024-01-25 08:27:00,,ANALYSE,50,"{""forced_risk"": 1000, ""sl_hit_cnt"": 1, ""target_hit_cnt"": 0, ""profit_percent"": -0.001279218644275104, ""trade_entered"": true}",PULL_BACK_STRATEGY
1820,BANKNIFTY,45500,CE,5JUN,45372,45439,45521,45604,45687,45372,2024-01-29 07:38:00,,ANALYSE,50,"{""forced_risk"": 1000, ""sl_hit_cnt"": 1, ""target_hit_cnt"": 0, ""profit_percent"": -0.0014568966560699903, ""trade_entered"": true}",PULL_BACK_STRATEGY
1821,BANKNIFTY,45400,PE,5JUN,-45420,-45379,-45329,-45278,-45227,-45420,2024-01-30 06:28:00,,ANALYSE,50,"{""forced_risk"": 1000, ""sl_hit_cnt"": 1, ""target_hit_cnt"": 0, ""profit_percent"": -0.0008924685570105608, ""trade_entered"": true}",PULL_BACK_STRATEGY
1822,BANKNIFTY,45500,CE,5JUN,45331,45401,45489,45577,45665,45331,2024-01-30 07:51:00,,ANALYSE,50,"{""forced_risk"": 1000, ""sl_hit_cnt"": 1, ""target_hit_cnt"": 1, ""profit_percent"": 0.001546201014942301, ""trade_entered"": true}",PULL_BACK_STRATEGY
1823,BANKNIFTY,45300,PE,5JUN,-45330,-45249,-45149,-45048,-44948,-45330,2024-01-31 04:13:00,,ANALYSE,50,"{""forced_risk"": 1000, ""sl_hit_cnt"": 0, ""target_hit_cnt"": 0, ""profit_percent"": 0, ""trade_entered"": false}",PULL_BACK_STRATEGY
1824,BANKNIFTY,46000,PE,5JUN,-46034,-45941,-45825,-45709,-45593,-46034,2024-02-01 05:06:00,,ANALYSE,50,"{""forced_risk"": 1000, ""sl_hit_cnt"": 1, ""target_hit_cnt"": 1, ""profit_percent"": 0.0020242937010727666, ""trade_entered"": true}",PULL_BACK_STRATEGY
1825,BANKNIFTY,46000,PE,5JUN,-46104,-45980,-45825,-45670,-45514,-46104,2024-02-01 05:22:00,,ANALYSE,50,"{""forced_risk"": 1000, ""sl_hit_cnt"": 1, ""target_hit_cnt"": 1, ""profit_percent"": 0.0026989790203858503, ""trade_entered"": true}",PULL_BACK_STRATEGY
1826,BANKNIFTY,46600,PE,5JUN,-46665,-46582,-46478,-46374,-46270,-46665,2024-02-02 06:00:00,,ANALYSE,50,"{""forced_risk"": 1000, ""sl_hit_cnt"": 0, ""target_hit_cnt"": 3, ""profit_percent"": 0.0004463073380955066, ""trade_entered"": true}",PULL_BACK_STRATEGY
1827,BANKNIFTY,46800,CE,5JUN,46597,46710,46850,46991,47132,46597,2024-02-02 06:54:00,,ANALYSE,50,"{""forced_risk"": 1000, ""sl_hit_cnt"": 1, ""target_hit_cnt"": 0, ""profit_percent"": -0.00240847010767467, ""trade_entered"": true}",PULL_BACK_STRATEGY
1828,BANKNIFTY,46300,CE,5JUN,46130,46215,46321,46426,46532,46130,2024-02-02 09:21:00,,ANALYSE,50,"{""forced_risk"": 1000, ""sl_hit_cnt"": 1, ""target_hit_cnt"": 0, ""profit_percent"": -0.001832732339936241, ""trade_entered"": true}",PULL_BACK_STRATEGY
1829,BANKNIFTY,45900,PE,5JUN,-45949,-45886,-45807,-45729,-45650,-45949,2024-02-05 06:29:00,,ANALYSE,50,"{""forced_risk"": 1000, ""sl_hit_cnt"": 1, ""target_hit_cnt"": 0, ""profit_percent"": -0.0013707735390583605, ""trade_entered"": true}",PULL_BACK_STRATEGY
1830,BANKNIFTY,46000,CE,5JUN,45862,45930,46014,46099,46184,45862,2024-02-05 08:40:00,,ANALYSE,50,"{""forced_risk"": 1000, ""sl_hit_cnt"": 1, ""target_hit_cnt"": 0, ""profit_percent"": -0.00147615294512098, ""trade_entered"": true}",PULL_BACK_STRATEGY
1831,BANKNIFTY,45900,CE,5JUN,45811,45902,46015,46128,46241,45811,2024-02-05 09:05:00,,ANALYSE,50,"{""forced_risk"": 1000, ""sl_hit_cnt"": 1, ""target_hit_cnt"": 0, ""profit_percent"": -0.001969404516559151, ""trade_entered"": true}",PULL_BACK_STRATEGY
1832,BANKNIFTY,45700,CE,5JUN,45633,45688,45757,45826,45895,45633,2024-02-06 04:58:00,,ANALYSE,50,"{""forced_risk"": 1000, ""sl_hit_cnt"": 1, ""target_hit_cnt"": 2, ""profit_percent"": 0.0018127040304319639, ""trade_entered"": true}",PULL_BACK_STRATEGY
1833,BANKNIFTY,45800,CE,5JUN,45657,45738,45839,45940,46041,45657,2024-02-06 06:57:00,,ANALYSE,50,"{""forced_risk"": 1000, ""sl_hit_cnt"": 1, ""target_hit_cnt"": 0, ""profit_percent"": -0.0017665584795352647, ""trade_entered"": true}",PULL_BACK_STRATEGY
1834,BANKNIFTY,45600,PE,5JUN,-45729,-45680,-45619,-45557,-45496,-45729,2024-02-06 09:54:00,,ANALYSE,50,"{""forced_risk"": 1000, ""sl_hit_cnt"": 1, ""target_hit_cnt"": 0, ""profit_percent"": -0.0010748580629130963, ""trade_entered"": true}",PULL_BACK_STRATEGY
1835,BANKNIFTY,45900,CE,5JUN,45695,45828,45996,46163,46330,45695,2024-02-07 06:01:00,,ANALYSE,50,"{""forced_risk"": 1000, ""sl_hit_cnt"": 1, ""target_hit_cnt"": 2, ""profit_percent"": 0.004379327913905853, ""trade_entered"": true}",PULL_BACK_STRATEGY
1836,BANKNIFTY,45200,PE,5JUN,-45377,-45211,-45003,-44795,-44586,-45377,2024-02-09 04:44:00,,ANALYSE,50,"{""forced_risk"": 1000, ""sl_hit_cnt"": 1, ""target_hit_cnt"": 0, ""profit_percent"": -0.003682707641673652, ""trade_entered"": true}",PULL_BACK_STRATEGY
1837,BANKNIFTY,45300,CE,5JUN,45108,45143,45186,45230,45273,45108,2024-02-09 05:58:00,,ANALYSE,50,"{""forced_risk"": 1000, ""sl_hit_cnt"": 0, ""target_hit_cnt"": 3, ""profit_percent"": 0.0013412768823009831, ""trade_entered"": true}",PULL_BACK_STRATEGY
1838,BANKNIFTY,45300,PE,5JUN,-45290,-45210,-45111,-45012,-44912,-45290,2024-02-09 06:08:00,,ANALYSE,50,"{""forced_risk"": 1000, ""sl_hit_cnt"": 1, ""target_hit_cnt"": 0, ""profit_percent"": -0.0017562253099937062, ""trade_entered"": true}",PULL_BACK_STRATEGY
1839,BANKNIFTY,45400,CE,5JUN,45263,45294,45332,45370,45408,45263,2024-02-09 08:25:00,,ANALYSE,50,"{""forced_risk"": 1000, ""sl_hit_cnt"": 0, ""target_hit_cnt"": 3, ""profit_percent"": 0.001178070578261311, ""trade_entered"": true}",PULL_BACK_STRATEGY
1840,BANKNIFTY,45300,PE,5JUN,-45436,-45379,-45309,-45239,-45168,-45436,2024-02-09 08:49:00,,ANALYSE,50,"{""forced_risk"": 1000, ""sl_hit_cnt"": 0, ""target_hit_cnt"": 3, ""profit_percent"": 0.000311370990933291, ""trade_entered"": true}",PULL_BACK_STRATEGY
1841,BANKNIFTY,45400,CE,5JUN,45263,45449,45680,45911,46143,45263,2024-02-12 04:53:00,,ANALYSE,50,"{""forced_risk"": 1000, ""sl_hit_cnt"": 0, ""target_hit_cnt"": 0, ""profit_percent"": 0, ""trade_entered"": false}",PULL_BACK_STRATEGY
1842,BANKNIFTY,45300,CE,5JUN,45146,45222,45318,45413,45509,45146,2024-02-12 06:33:00,,ANALYSE,50,"{""forced_risk"": 1000, ""sl_hit_cnt"": 1, ""target_hit_cnt"": 0, ""profit_percent"": -0.0016894170405570973, ""trade_entered"": true}",PULL_BACK_STRATEGY
1843,BANKNIFTY,45100,CE,5JUN,45011,45042,45080,45119,45157,45011,2024-02-12 06:55:00,,ANALYSE,50,"{""forced_risk"": 1000, ""sl_hit_cnt"": 1, ""target_hit_cnt"": 0, ""profit_percent"": -0.0006838047071516567, ""trade_entered"": true}",PULL_BACK_STRATEGY
1844,BANKNIFTY,44800,CE,5JUN,44651,44731,44832,44933,45034,44651,2024-02-12 08:23:00,,ANALYSE,50,"{""forced_risk"": 1000, ""sl_hit_cnt"": 1, ""target_hit_cnt"": 0, ""profit_percent"": -0.0018063212300869383, ""trade_entered"": true}",PULL_BACK_STRATEGY
1845,BANKNIFTY,45000,CE,5JUN,44837,44868,44906,44945,44983,44837,2024-02-12 09:04:00,,ANALYSE,50,"{""forced_risk"": 1000, ""sl_hit_cnt"": 1, ""target_hit_cnt"": 0, ""profit_percent"": -0.0006842224324665631, ""trade_entered"": true}",PULL_BACK_STRATEGY
1846,BANKNIFTY,44900,PE,5JUN,-45035,-44896,-44723,-44549,-44375,-45035,2024-02-13 03:46:00,,ANALYSE,50,"{""forced_risk"": 1000, ""sl_hit_cnt"": 1, ""target_hit_cnt"": 0, ""profit_percent"": -0.003095989023716612, ""trade_entered"": true}",PULL_BACK_STRATEGY
1847,BANKNIFTY,45200,CE,5JUN,45064,45216,45406,45595,45784,45064,2024-02-13 06:34:00,,ANALYSE,50,"{""forced_risk"": 1000, ""sl_hit_cnt"": 1, ""target_hit_cnt"": 2, ""profit_percent"": 0.005028689716486559, ""trade_entered"": true}",PULL_BACK_STRATEGY
1848,BANKNIFTY,45100,CE,5JUN,44957,45140,45370,45600,45829,44957,2024-02-13 06:55:00,,ANALYSE,50,"{""forced_risk"": 1000, ""sl_hit_cnt"": 1, ""target_hit_cnt"": 2, ""profit_percent"": 0.006104462154483586, ""trade_entered"": true}",PULL_BACK_STRATEGY
1849,BANKNIFTY,45300,PE,5JUN,-45430,-45268,-45066,-44863,-44661,-45430,2024-02-13 07:56:00,,ANALYSE,50,"{""forced_risk"": 1000, ""sl_hit_cnt"": 1, ""target_hit_cnt"": 1, ""profit_percent"": 0.003576422561284098, ""trade_entered"": true}",PULL_BACK_STRATEGY
1850,BANKNIFTY,45200,CE,5JUN,44984,45277,45642,46008,46374,44984,2024-02-14 03:45:00,,ANALYSE,50,"{""forced_risk"": 1000, ""sl_hit_cnt"": 0, ""target_hit_cnt"": 2, ""profit_percent"": 0.00969719725246809, ""trade_entered"": true}",PULL_BACK_STRATEGY
1851,BANKNIFTY,45300,PE,5JUN,-45336,-45180,-44984,-44788,-44593,-45336,2024-02-14 05:26:00,,ANALYSE,50,"{""forced_risk"": 1000, ""sl_hit_cnt"": 0, ""target_hit_cnt"": 0, ""profit_percent"": 0, ""trade_entered"": false}",PULL_BACK_STRATEGY
1852,BANKNIFTY,45600,CE,5JUN,45413,45547,45715,45882,46049,45413,2024-02-14 08:01:00,,ANALYSE,50,"{""forced_risk"": 1000, ""sl_hit_cnt"": 0, ""target_hit_cnt"": 3, ""profit_percent"": 0.0051442716709385935, ""trade_entered"": true}",PULL_BACK_STRATEGY
1853,BANKNIFTY,45600,PE,5JUN,-45666,-45598,-45512,-45426,-45340,-45666,2024-02-14 08:44:00,,ANALYSE,50,"{""forced_risk"": 1000, ""sl_hit_cnt"": 0, ""target_hit_cnt"": 0, ""profit_percent"": 0, ""trade_entered"": false}",PULL_BACK_STRATEGY
1854,BANKNIFTY,45800,CE,5JUN,45588,45800,46065,46329,46594,45588,2024-02-15 04:14:00,,ANALYSE,50,"{""forced_risk"": 1000, ""sl_hit_cnt"": 0, ""target_hit_cnt"": 2, ""profit_percent"": 0.0069366433589336945, ""trade_entered"": true}",PULL_BACK_STRATEGY
1855,BANKNIFTY,46400,CE,5JUN,46264,46343,46442,46540,46639,46264,2024-02-16 06:13:00,,ANALYSE,50,"{""forced_risk"": 1000, ""sl_hit_cnt"": 0, ""target_hit_cnt"": 3, ""profit_percent"": 0.0029831680273437293, ""trade_entered"": true}",PULL_BACK_STRATEGY
1856,BANKNIFTY,46400,CE,5JUN,46290,46444,46636,46829,47021,46290,2024-02-16 08:43:00,,ANALYSE,50,"{""forced_risk"": 1000, ""sl_hit_cnt"": 0, ""target_hit_cnt"": 1, ""profit_percent"": 0.003313639534583318, ""trade_entered"": true}",PULL_BACK_STRATEGY
1857,BANKNIFTY,46700,CE,5JUN,46558,46619,46695,46771,46846,46558,2024-02-19 09:18:00,,ANALYSE,50,"{""forced_risk"": 1000, ""sl_hit_cnt"": 1, ""target_hit_cnt"": 0, ""profit_percent"": -0.001302035852104265, ""trade_entered"": true}",PULL_BACK_STRATEGY
1858,BANKNIFTY,46500,PE,5JUN,-46643,-46566,-46469,-46372,-46275,-46643,2024-02-20 04:08:00,,ANALYSE,50,"{""forced_risk"": 1000, ""sl_hit_cnt"": 1, ""target_hit_cnt"": 0, ""profit_percent"": -0.0016621497996401134, ""trade_entered"": true}",PULL_BACK_STRATEGY
1859,BANKNIFTY,46600,PE,5JUN,-46643,-46566,-46469,-46372,-46275,-46643,2024-02-20 04:38:00,,ANALYSE,50,"{""forced_risk"": 1000, ""sl_hit_cnt"": 0, ""target_hit_cnt"": 0, ""profit_percent"": 0, ""trade_entered"": false}",PULL_BACK_STRATEGY
1860,BANKNIFTY,47000,CE,5JUN,46828,46916,47026,47137,47247,46828,2024-02-20 08:32:00,,ANALYSE,50,"{""forced_risk"": 1000, ""sl_hit_cnt"": 0, ""target_hit_cnt"": 3, ""profit_percent"": 0.0032905197733851498, ""trade_entered"": true}",PULL_BACK_STRATEGY
1861,BANKNIFTY,46900,PE,5JUN,-47024,-46959,-46877,-46795,-46714,-47024,2024-02-20 08:58:00,,ANALYSE,50,"{""forced_risk"": 1000, ""sl_hit_cnt"": 1, ""target_hit_cnt"": 0, ""profit_percent"": -0.001392696859511203, ""trade_entered"": true}",PULL_BACK_STRATEGY
1862,BANKNIFTY,47100,CE,5JUN,46925,47084,47284,47483,47682,46925,2024-02-21 04:57:00,,ANALYSE,50,"{""forced_risk"": 1000, ""sl_hit_cnt"": 1, ""target_hit_cnt"": 0, ""profit_percent"": -0.003385381269539245, ""trade_entered"": true}",PULL_BACK_STRATEGY
1863,BANKNIFTY,47100,PE,5JUN,-47259,-47149,-47011,-46874,-46736,-47259,2024-02-21 07:06:00,,ANALYSE,50,"{""forced_risk"": 1000, ""sl_hit_cnt"": 0, ""target_hit_cnt"": 3, ""profit_percent"": 0.0005834638580088985, ""trade_entered"": true}",PULL_BACK_STRATEGY
1864,BANKNIFTY,47200,PE,5JUN,-47259,-47149,-47011,-46874,-46736,-47259,2024-02-21 07:24:00,,ANALYSE,50,"{""forced_risk"": 1000, ""sl_hit_cnt"": 0, ""target_hit_cnt"": 3, ""profit_percent"": 0.0005834638580088985, ""trade_entered"": true}",PULL_BACK_STRATEGY
1865,BANKNIFTY,47200,CE,5JUN,47097,47182,47288,47393,47499,47097,2024-02-21 08:24:00,,ANALYSE,50,"{""forced_risk"": 1000, ""sl_hit_cnt"": 0, ""target_hit_cnt"": 0, ""profit_percent"": 0, ""trade_entered"": false}",PULL_BACK_STRATEGY
1866,BANKNIFTY,46600,CE,5JUN,46471,46531,46606,46681,46756,46471,2024-02-22 07:24:00,,ANALYSE,50,"{""forced_risk"": 1000, ""sl_hit_cnt"": 0, ""target_hit_cnt"": 3, ""profit_percent"": 0.0022565261961200647, ""trade_entered"": true}",PULL_BACK_STRATEGY
1867,BANKNIFTY,47000,CE,5JUN,46888,47024,47195,47365,47536,46888,2024-02-23 05:01:00,,ANALYSE,50,"{""forced_risk"": 1000, ""sl_hit_cnt"": 1, ""target_hit_cnt"": 0, ""profit_percent"": -0.002900600215843815, ""trade_entered"": true}",PULL_BACK_STRATEGY
1868,BANKNIFTY,46900,CE,5JUN,46770,46809,46857,46906,46954,46770,2024-02-23 09:07:00,,ANALYSE,50,"{""forced_risk"": 1000, ""sl_hit_cnt"": 0, ""target_hit_cnt"": 3, ""profit_percent"": 0.0014471421399503358, ""trade_entered"": true}",PULL_BACK_STRATEGY
1869,BANKNIFTY,46900,PE,5JUN,-46960,-46892,-46807,-46722,-46637,-46960,2024-02-23 09:14:00,,ANALYSE,50,"{""forced_risk"": 1000, ""sl_hit_cnt"": 0, ""target_hit_cnt"": 3, ""profit_percent"": 0.0003627441885757476, ""trade_entered"": true}",PULL_BACK_STRATEGY
1870,BANKNIFTY,46800,CE,5JUN,46671,46752,46853,46953,47054,46671,2024-02-26 04:22:00,,ANALYSE,50,"{""forced_risk"": 1000, ""sl_hit_cnt"": 1, ""target_hit_cnt"": 0, ""profit_percent"": -0.0017218348984919505, ""trade_entered"": true}",PULL_BACK_STRATEGY
1871,BANKNIFTY,46600,PE,5JUN,-46687,-46633,-46564,-46496,-46428,-46687,2024-02-26 07:29:00,,ANALYSE,50,"{""forced_risk"": 1000, ""sl_hit_cnt"": 0, ""target_hit_cnt"": 3, ""profit_percent"": 0.0002927102286677725, ""trade_entered"": true}",PULL_BACK_STRATEGY
1872,BANKNIFTY,46700,CE,5JUN,46576,46659,46763,46868,46972,46576,2024-02-26 09:31:00,,ANALYSE,50,"{""forced_risk"": 1000, ""sl_hit_cnt"": 1, ""target_hit_cnt"": 0, ""profit_percent"": -0.001789560539654304, ""trade_entered"": true}",PULL_BACK_STRATEGY
1873,BANKNIFTY,46700,CE,5JUN,46513,46625,46764,46903,47042,46513,2024-02-26 09:46:00,,ANALYSE,50,"{""forced_risk"": 1000, ""sl_hit_cnt"": 0, ""target_hit_cnt"": 0, ""profit_percent"": 0, ""trade_entered"": true}",PULL_BACK_STRATEGY
1874,BANKNIFTY,46700,CE,5JUN,46523,46611,46722,46832,46942,46523,2024-02-28 05:20:00,,ANALYSE,50,"{""forced_risk"": 1000, ""sl_hit_cnt"": 0, ""target_hit_cnt"": 0, ""profit_percent"": 0, ""trade_entered"": false}",PULL_BACK_STRATEGY
1875,BANKNIFTY,46200,CE,5JUN,46040,46144,46274,46403,46533,46040,2024-02-28 07:25:00,,ANALYSE,50,"{""forced_risk"": 1000, ""sl_hit_cnt"": 1, ""target_hit_cnt"": 1, ""profit_percent"": 0.0022516372588537985, ""trade_entered"": true}",PULL_BACK_STRATEGY
1876,BANKNIFTY,46200,CE,5JUN,46053,46139,46247,46355,46463,46053,2024-02-28 09:03:00,,ANALYSE,50,"{""forced_risk"": 1000, ""sl_hit_cnt"": 1, ""target_hit_cnt"": 0, ""profit_percent"": -0.0018704045860672334, ""trade_entered"": true}",PULL_BACK_STRATEGY
1877,BANKNIFTY,46000,CE,5JUN,45913,46053,46228,46402,46577,45913,2024-02-28 09:40:00,,ANALYSE,50,"{""forced_risk"": 1000, ""sl_hit_cnt"": 1, ""target_hit_cnt"": 0, ""profit_percent"": -0.0030356031958518395, ""trade_entered"": true}",PULL_BACK_STRATEGY
1878,BANKNIFTY,47500,CE,5JUN,47345,47412,47496,47580,47664,47345,2024-03-04 05:24:00,,ANALYSE,50,"{""forced_risk"": 1000, ""sl_hit_cnt"": 1, ""target_hit_cnt"": 1, ""profit_percent"": 0.0014152385974162624, ""trade_entered"": true}",PULL_BACK_STRATEGY
1879,BANKNIFTY,47400,CE,5JUN,47248,47287,47336,47384,47433,47248,2024-03-04 06:44:00,,ANALYSE,50,"{""forced_risk"": 1000, ""sl_hit_cnt"": 0, ""target_hit_cnt"": 3, ""profit_percent"": 0.001435255430846126, ""trade_entered"": true}",PULL_BACK_STRATEGY
1880,BANKNIFTY,47500,CE,5JUN,47317,47385,47471,47557,47642,47317,2024-03-04 09:08:00,,ANALYSE,50,"{""forced_risk"": 1000, ""sl_hit_cnt"": 1, ""target_hit_cnt"": 1, ""profit_percent"": 0.0014476971907076948, ""trade_entered"": true}",PULL_BACK_STRATEGY
1881,BANKNIFTY,47300,PE,5JUN,-47399,-47339,-47264,-47188,-47113,-47399,2024-03-05 05:31:00,,ANALYSE,50,"{""forced_risk"": 1000, ""sl_hit_cnt"": 1, ""target_hit_cnt"": 0, ""profit_percent"": -0.0012737790574245292, ""trade_entered"": true}",PULL_BACK_STRATEGY
1882,BANKNIFTY,47300,PE,5JUN,-47409,-47348,-47272,-47196,-47120,-47409,2024-03-05 06:34:00,,ANALYSE,50,"{""forced_risk"": 1000, ""sl_hit_cnt"": 0, ""target_hit_cnt"": 0, ""profit_percent"": 0, ""trade_entered"": false}",PULL_BACK_STRATEGY
1883,BANKNIFTY,47600,CE,5JUN,47435,47545,47683,47820,47957,47435,2024-03-06 03:45:00,,ANALYSE,50,"{""forced_risk"": 1000, ""sl_hit_cnt"": 0, ""target_hit_cnt"": 3, ""profit_percent"": 0.004044727352650138, ""trade_entered"": true}",PULL_BACK_STRATEGY
1884,BANKNIFTY,48100,CE,5JUN,47972,48041,48127,48212,48298,47972,2024-03-06 09:29:00,,ANALYSE,50,"{""forced_risk"": 1000, ""sl_hit_cnt"": 1, ""target_hit_cnt"": 0, ""profit_percent"": -0.001430024052296924, ""trade_entered"": true}",PULL_BACK_STRATEGY
1885,BANKNIFTY,47400,CE,5JUN,47275,47318,47372,47426,47481,47275,2024-03-11 08:44:00,,ANALYSE,50,"{""forced_risk"": 1000, ""sl_hit_cnt"": 1, ""target_hit_cnt"": 0, ""profit_percent"": -0.000917188837346792, ""trade_entered"": true}",PULL_BACK_STRATEGY
1886,BANKNIFTY,47400,CE,5JUN,47230,47303,47395,47487,47578,47230,2024-03-11 09:48:00,,ANALYSE,50,"{""forced_risk"": 1000, ""sl_hit_cnt"": 1, ""target_hit_cnt"": 0, ""profit_percent"": -0.0015495551106778857, ""trade_entered"": true}",PULL_BACK_STRATEGY
1887,BANKNIFTY,47500,CE,5JUN,47432,47577,47759,47941,48122,47432,2024-03-12 05:13:00,,ANALYSE,50,"{""forced_risk"": 1000, ""sl_hit_cnt"": 1, ""target_hit_cnt"": 0, ""profit_percent"": -0.003056063206281144, ""trade_entered"": true}",PULL_BACK_STRATEGY
1888,BANKNIFTY,47300,PE,5JUN,-47293,-47261,-47222,-47183,-47143,-47293,2024-03-12 06:40:00,,ANALYSE,50,"{""forced_risk"": 1000, ""sl_hit_cnt"": 1, ""target_hit_cnt"": 0, ""profit_percent"": -0.0006643829384769012, ""trade_entered"": true}",PULL_BACK_STRATEGY
1889,BANKNIFTY,47300,PE,5JUN,-47361,-47327,-47284,-47241,-47198,-47361,2024-03-12 07:14:00,,ANALYSE,50,"{""forced_risk"": 1000, ""sl_hit_cnt"": 1, ""target_hit_cnt"": 0, ""profit_percent"": -0.0007247425632010994, ""trade_entered"": true}",PULL_BACK_STRATEGY
1890,BANKNIFTY,47400,PE,5JUN,-47485,-47309,-47089,-46870,-46650,-47485,2024-03-12 08:02:00,,ANALYSE,50,"{""forced_risk"": 1000, ""sl_hit_cnt"": 0, ""target_hit_cnt"": 1, ""profit_percent"": 0.00371594378736691, ""trade_entered"": true}",PULL_BACK_STRATEGY
1891,BANKNIFTY,47400,CE,5JUN,47190,47305,47449,47593,47737,47190,2024-03-12 09:31:00,,ANALYSE,50,"{""forced_risk"": 1000, ""sl_hit_cnt"": 1, ""target_hit_cnt"": 1, ""profit_percent"": 0.0024352322296220443, ""trade_entered"": true}",PULL_BACK_STRATEGY
1892,BANKNIFTY,47100,CE,5JUN,46980,47013,47056,47098,47141,46980,2024-03-13 08:38:00,,ANALYSE,50,"{""forced_risk"": 1000, ""sl_hit_cnt"": 1, ""target_hit_cnt"": 0, ""profit_percent"": -0.000721062578234789, ""trade_entered"": true}",PULL_BACK_STRATEGY
1893,BANKNIFTY,46900,PE,5JUN,-46896,-46794,-46666,-46538,-46410,-46896,2024-03-14 05:10:00,,ANALYSE,50,"{""forced_risk"": 1000, ""sl_hit_cnt"": 0, ""target_hit_cnt"": 3, ""profit_percent"": 0.0005453690644100229, ""trade_entered"": true}",PULL_BACK_STRATEGY
1894,BANKNIFTY,46900,PE,5JUN,-47061,-46896,-46689,-46482,-46275,-47061,2024-03-14 05:24:00,,ANALYSE,50,"{""forced_risk"": 1000, ""sl_hit_cnt"": 0, ""target_hit_cnt"": 2, ""profit_percent"": 0.0017656014773051044, ""trade_entered"": true}",PULL_BACK_STRATEGY
1895,BANKNIFTY,46700,CE,5JUN,46533,46636,46765,46893,47022,46533,2024-03-15 04:07:00,,ANALYSE,50,"{""forced_risk"": 1000, ""sl_hit_cnt"": 1, ""target_hit_cnt"": 0, ""profit_percent"": -0.0022042844170172236, ""trade_entered"": true}",PULL_BACK_STRATEGY
1896,BANKNIFTY,46400,CE,5JUN,46310,46411,46537,46663,46789,46310,2024-03-15 05:39:00,,ANALYSE,50,"{""forced_risk"": 1000, ""sl_hit_cnt"": 1, ""target_hit_cnt"": 2, ""profit_percent"": 0.0032612641923489734, ""trade_entered"": true}",PULL_BACK_STRATEGY
1897,BANKNIFTY,46400,CE,5JUN,46324,46381,46453,46524,46595,46324,2024-03-15 06:27:00,,ANALYSE,50,"{""forced_risk"": 1000, ""sl_hit_cnt"": 0, ""target_hit_cnt"": 3, ""profit_percent"": 0.002149981242642645, ""trade_entered"": true}",PULL_BACK_STRATEGY
1898,BANKNIFTY,46400,PE,5JUN,-46464,-46418,-46360,-46302,-46245,-46464,2024-03-15 07:28:00,,ANALYSE,50,"{""forced_risk"": 1000, ""sl_hit_cnt"": 1, ""target_hit_cnt"": 0, ""profit_percent"": -0.0009974439153228908, ""trade_entered"": true}",PULL_BACK_STRATEGY
1899,BANKNIFTY,46400,PE,5JUN,-46497,-46441,-46371,-46301,-46231,-46497,2024-03-15 08:05:00,,ANALYSE,50,"{""forced_risk"": 1000, ""sl_hit_cnt"": 1, ""target_hit_cnt"": 0, ""profit_percent"": -0.001210118051107126, ""trade_entered"": true}",PULL_BACK_STRATEGY
1900,BANKNIFTY,46500,CE,5JUN,46327,46472,46654,46836,47018,46327,2024-03-15 09:03:00,,ANALYSE,50,"{""forced_risk"": 1000, ""sl_hit_cnt"": 1, ""target_hit_cnt"": 1, ""profit_percent"": 0.0031287017501579186, ""trade_entered"": true}",PULL_BACK_STRATEGY
1901,BANKNIFTY,46400,CE,5JUN,46304,46390,46498,46606,46714,46304,2024-03-18 05:43:00,,ANALYSE,50,"{""forced_risk"": 1000, ""sl_hit_cnt"": 1, ""target_hit_cnt"": 0, ""profit_percent"": -0.001862436234731665, ""trade_entered"": true}",PULL_BACK_STRATEGY
1902,BANKNIFTY,46600,PE,5JUN,-46691,-46635,-46565,-46495,-46424,-46691,2024-03-18 08:57:00,,ANALYSE,50,"{""forced_risk"": 1000, ""sl_hit_cnt"": 0, ""target_hit_cnt"": 3, ""profit_percent"": 0.0003012723126455479, ""trade_entered"": true}",PULL_BACK_STRATEGY
1903,BANKNIFTY,46500,CE,5JUN,46325,46414,46525,46636,46748,46325,2024-03-20 04:29:00,,ANALYSE,50,"{""forced_risk"": 1000, ""sl_hit_cnt"": 1, ""target_hit_cnt"": 0, ""profit_percent"": -0.0019175062938373718, ""trade_entered"": true}",PULL_BACK_STRATEGY
1904,BANKNIFTY,46400,CE,5JUN,46282,46424,46603,46781,46959,46282,2024-03-20 08:41:00,,ANALYSE,50,"{""forced_risk"": 1000, ""sl_hit_cnt"": 0, ""target_hit_cnt"": 3, ""profit_percent"": 0.005375365510853554, ""trade_entered"": true}",PULL_BACK_STRATEGY
1905,BANKNIFTY,46300,CE,5JUN,46180,46353,46569,46785,47001,46180,2024-03-20 08:53:00,,ANALYSE,50,"{""forced_risk"": 1000, ""sl_hit_cnt"": 0, ""target_hit_cnt"": 2, ""profit_percent"": 0.005592248257680952, ""trade_entered"": true}",PULL_BACK_STRATEGY
1906,BANKNIFTY,46300,CE,5JUN,46093,46308,46576,46844,47113,46093,2024-03-20 09:03:00,,ANALYSE,50,"{""forced_risk"": 1000, ""sl_hit_cnt"": 0, ""target_hit_cnt"": 2, ""profit_percent"": 0.0069512451884923, ""trade_entered"": true}",PULL_BACK_STRATEGY
1907,BANKNIFTY,46700,CE,5JUN,46594,46644,46707,46770,46832,46594,2024-03-26 05:34:00,,ANALYSE,50,"{""forced_risk"": 1000, ""sl_hit_cnt"": 1, ""target_hit_cnt"": 1, ""profit_percent"": 0.0010783728361526237, ""trade_entered"": true}",PULL_BACK_STRATEGY
1908,BANKNIFTY,46800,CE,5JUN,46639,46681,46733,46785,46837,46639,2024-03-26 07:59:00,,ANALYSE,50,"{""forced_risk"": 1000, ""sl_hit_cnt"": 1, ""target_hit_cnt"": 0, ""profit_percent"": -0.0008890040904899056, ""trade_entered"": true}",PULL_BACK_STRATEGY
1909,BANKNIFTY,46700,CE,5JUN,46608,46664,46733,46802,46872,46608,2024-03-26 08:11:00,,ANALYSE,50,"{""forced_risk"": 1000, ""sl_hit_cnt"": 1, ""target_hit_cnt"": 0, ""profit_percent"": -0.0011872017932319096, ""trade_entered"": true}",PULL_BACK_STRATEGY
1910,BANKNIFTY,46600,PE,5JUN,-46741,-46669,-46578,-46487,-46396,-46741,2024-03-27 04:03:00,,ANALYSE,50,"{""forced_risk"": 1000, ""sl_hit_cnt"": 0, ""target_hit_cnt"": 0, ""profit_percent"": 0, ""trade_entered"": false}",PULL_BACK_STRATEGY
1911,BANKNIFTY,47200,PE,5JUN,-47334,-47281,-47216,-47150,-47084,-47334,2024-03-28 07:13:00,,ANALYSE,50,"{""forced_risk"": 1000, ""sl_hit_cnt"": 0, ""target_hit_cnt"": 3, ""profit_percent"": 0.0002779082014643373, ""trade_entered"": true}",PULL_BACK_STRATEGY
1912,BANKNIFTY,47400,CE,5JUN,47279,47340,47417,47494,47571,47279,2024-03-28 09:20:00,,ANALYSE,50,"{""forced_risk"": 1000, ""sl_hit_cnt"": 1, ""target_hit_cnt"": 0, ""profit_percent"": -0.0013012073133765285, ""trade_entered"": true}",PULL_BACK_STRATEGY
1913,BANKNIFTY,47400,PE,5JUN,-47417,-47277,-47102,-46927,-46752,-47417,2024-04-01 03:45:00,,ANALYSE,50,"{""forced_risk"": 1000, ""sl_hit_cnt"": 0, ""target_hit_cnt"": 0, ""profit_percent"": 0, ""trade_entered"": false}",PULL_BACK_STRATEGY
1914,BANKNIFTY,47600,CE,5JUN,47485,47524,47574,47624,47673,47485,2024-04-01 07:21:00,,ANALYSE,50,"{""forced_risk"": 1000, ""sl_hit_cnt"": 1, ""target_hit_cnt"": 0, ""profit_percent"": -0.0008353542101746372, ""trade_entered"": true}",PULL_BACK_STRATEGY
1915,BANKNIFTY,47400,PE,5JUN,-47539,-47507,-47466,-47425,-47384,-47539,2024-04-01 08:01:00,,ANALYSE,50,"{""forced_risk"": 1000, ""sl_hit_cnt"": 1, ""target_hit_cnt"": 1, ""profit_percent"": 0.0006862132186557071, ""trade_entered"": true}",PULL_BACK_STRATEGY
1916,BANKNIFTY,47500,PE,5JUN,-47567,-47524,-47470,-47416,-47362,-47567,2024-04-01 09:30:00,,ANALYSE,50,"{""forced_risk"": 1000, ""sl_hit_cnt"": 1, ""target_hit_cnt"": 1, ""profit_percent"": 0.0009069044678195901, ""trade_entered"": true}",PULL_BACK_STRATEGY
1917,BANKNIFTY,47500,CE,5JUN,47432,47514,47616,47718,47821,47432,2024-04-02 03:45:00,,ANALYSE,50,"{""forced_risk"": 1000, ""sl_hit_cnt"": 1, ""target_hit_cnt"": 0, ""profit_percent"": -0.0017236952321622052, ""trade_entered"": true}",PULL_BACK_STRATEGY
1918,BANKNIFTY,47500,PE,5JUN,-47617,-47548,-47462,-47375,-47289,-47617,2024-04-02 04:03:00,,ANALYSE,50,"{""forced_risk"": 1000, ""sl_hit_cnt"": 0, ""target_hit_cnt"": 2, ""profit_percent"": 0.0007268360444219462, ""trade_entered"": true}",PULL_BACK_STRATEGY
1919,BANKNIFTY,47500,PE,5JUN,-47567,-47469,-47347,-47224,-47102,-47567,2024-04-03 06:41:00,,ANALYSE,50,"{""forced_risk"": 1000, ""sl_hit_cnt"": 0, ""target_hit_cnt"": 0, ""profit_percent"": 0, ""trade_entered"": false}",PULL_BACK_STRATEGY
1920,BANKNIFTY,47700,CE,5JUN,47555,47602,47659,47717,47775,47555,2024-04-03 08:30:00,,ANALYSE,50,"{""forced_risk"": 1000, ""sl_hit_cnt"": 1, ""target_hit_cnt"": 0, ""profit_percent"": -0.0009705443976794556, ""trade_entered"": true}",PULL_BACK_STRATEGY
1921,BANKNIFTY,47900,CE,5JUN,47681,47890,48150,48411,48672,47681,2024-04-04 04:44:00,,ANALYSE,50,"{""forced_risk"": 1000, ""sl_hit_cnt"": 0, ""target_hit_cnt"": 1, ""profit_percent"": 0.004353713655104442, ""trade_entered"": true}",PULL_BACK_STRATEGY
1922,BANKNIFTY,47900,CE,5JUN,47804,47976,48191,48406,48621,47804,2024-04-04 05:23:00,,ANALYSE,50,"{""forced_risk"": 1000, ""sl_hit_cnt"": 0, ""target_hit_cnt"": 1, ""profit_percent"": 0.0035851146871935325, ""trade_entered"": true}",PULL_BACK_STRATEGY
1923,BANKNIFTY,47900,PE,5JUN,-47959,-47894,-47812,-47731,-47649,-47959,2024-04-04 07:12:00,,ANALYSE,50,"{""forced_risk"": 1000, ""sl_hit_cnt"": 0, ""target_hit_cnt"": 0, ""profit_percent"": 0, ""trade_entered"": false}",PULL_BACK_STRATEGY
1924,BANKNIFTY,48000,CE,5JUN,47878,47980,48108,48235,48363,47878,2024-04-04 08:21:00,,ANALYSE,50,"{""forced_risk"": 1000, ""sl_hit_cnt"": 0, ""target_hit_cnt"": 2, ""profit_percent"": 0.003194644468667325, ""trade_entered"": true}",PULL_BACK_STRATEGY
1925,BANKNIFTY,48000,PE,5JUN,-48103,-48038,-47956,-47875,-47793,-48103,2024-04-04 09:14:00,,ANALYSE,50,"{""forced_risk"": 1000, ""sl_hit_cnt"": 1, ""target_hit_cnt"": 0, ""profit_percent"": -0.0013593249588091838, ""trade_entered"": true}",PULL_BACK_STRATEGY
1926,BANKNIFTY,48100,CE,5JUN,47844,47959,48103,48247,48391,47844,2024-04-05 03:45:00,,ANALYSE,50,"{""forced_risk"": 1000, ""sl_hit_cnt"": 0, ""target_hit_cnt"": 3, ""profit_percent"": 0.004200228110084998, ""trade_entered"": true}",PULL_BACK_STRATEGY
1927,BANKNIFTY,48700,CE,5JUN,48543,48606,48685,48764,48843,48543,2024-04-08 07:57:00,,ANALYSE,50,"{""forced_risk"": 1000, ""sl_hit_cnt"": 1, ""target_hit_cnt"": 0, ""profit_percent"": -0.0013002362850273697, ""trade_entered"": true}",PULL_BACK_STRATEGY
1928,BANKNIFTY,48700,CE,5JUN,48527,48563,48609,48655,48701,48527,2024-04-08 08:28:00,,ANALYSE,50,"{""forced_risk"": 1000, ""sl_hit_cnt"": 0, ""target_hit_cnt"": 3, ""profit_percent"": 0.0013188849707857929, ""trade_entered"": true}",PULL_BACK_STRATEGY
1929,BANKNIFTY,48900,CE,5JUN,48783,48851,48935,49020,49104,48783,2024-04-09 07:08:00,,ANALYSE,50,"{""forced_risk"": 1000, ""sl_hit_cnt"": 1, ""target_hit_cnt"": 0, ""profit_percent"": -0.0013837898031476825, ""trade_entered"": true}",PULL_BACK_STRATEGY
1930,BANKNIFTY,48800,PE,5JUN,-48877,-48771,-48638,-48506,-48373,-48877,2024-04-10 04:02:00,,ANALYSE,50,"{""forced_risk"": 1000, ""sl_hit_cnt"": 0, ""target_hit_cnt"": 0, ""profit_percent"": 0, ""trade_entered"": false}",PULL_BACK_STRATEGY
1931,BANKNIFTY,48800,CE,5JUN,48668,48750,48852,48954,49057,48668,2024-04-12 04:14:00,,ANALYSE,50,"{""forced_risk"": 1000, ""sl_hit_cnt"": 1, ""target_hit_cnt"": 0, ""profit_percent"": -0.0016758750908961641, ""trade_entered"": true}",PULL_BACK_STRATEGY
1932,BANKNIFTY,48700,PE,5JUN,-48801,-48736,-48654,-48572,-48490,-48801,2024-04-12 06:39:00,,ANALYSE,50,"{""forced_risk"": 1000, ""sl_hit_cnt"": 0, ""target_hit_cnt"": 3, ""profit_percent"": 0.00033568614576491964, ""trade_entered"": true}",PULL_BACK_STRATEGY
1933,BANKNIFTY,48800,CE,5JUN,48641,48698,48771,48843,48916,48641,2024-04-12 06:47:00,,ANALYSE,50,"{""forced_risk"": 1000, ""sl_hit_cnt"": 1, ""target_hit_cnt"": 0, ""profit_percent"": -0.0011889373384845912, ""trade_entered"": true}",PULL_BACK_STRATEGY
1934,BANKNIFTY,47600,CE,5JUN,47464,47502,47551,47599,47647,47464,2024-04-16 05:57:00,,ANALYSE,50,"{""forced_risk"": 1000, ""sl_hit_cnt"": 1, ""target_hit_cnt"": 0, ""profit_percent"": -0.0008125845345795463, ""trade_entered"": true}",PULL_BACK_STRATEGY
1935,BANKNIFTY,47500,CE,5JUN,47435,47486,47551,47615,47680,47435,2024-04-16 06:29:00,,ANALYSE,50,"{""forced_risk"": 1000, ""sl_hit_cnt"": 1, ""target_hit_cnt"": 0, ""profit_percent"": -0.001086618898955994, ""trade_entered"": true}",PULL_BACK_STRATEGY
1936,BANKNIFTY,47500,CE,5JUN,47395,47442,47500,47558,47617,47395,2024-04-16 09:21:00,,ANALYSE,50,"{""forced_risk"": 1000, ""sl_hit_cnt"": 0, ""target_hit_cnt"": 2, ""profit_percent"": 0.0014733671498144284, ""trade_entered"": true}",PULL_BACK_STRATEGY
1937,BANKNIFTY,47600,CE,5JUN,47486,47611,47767,47923,48080,47486,2024-04-18 04:50:00,,ANALYSE,50,"{""forced_risk"": 1000, ""sl_hit_cnt"": 1, ""target_hit_cnt"": 0, ""profit_percent"": -0.00262753025807973, ""trade_entered"": true}",PULL_BACK_STRATEGY
1938,BANKNIFTY,47300,CE,5JUN,47133,47283,47471,47659,47847,47133,2024-04-18 09:09:00,,ANALYSE,50,"{""forced_risk"": 1000, ""sl_hit_cnt"": 0, ""target_hit_cnt"": 1, ""profit_percent"": 0.003180806875957022, ""trade_entered"": true}",PULL_BACK_STRATEGY
1939,BANKNIFTY,46900,PE,5JUN,-46957,-46835,-46682,-46529,-46376,-46957,2024-04-19 06:10:00,,ANALYSE,50,"{""forced_risk"": 1000, ""sl_hit_cnt"": 0, ""target_hit_cnt"": 0, ""profit_percent"": 0, ""trade_entered"": false}",PULL_BACK_STRATEGY
1940,BANKNIFTY,46900,PE,5JUN,-47013,-46972,-46921,-46870,-46819,-47013,2024-04-19 06:50:00,,ANALYSE,50,"{""forced_risk"": 1000, ""sl_hit_cnt"": 0, ""target_hit_cnt"": 0, ""profit_percent"": 0, ""trade_entered"": false}",PULL_BACK_STRATEGY
1941,BANKNIFTY,47800,PE,5JUN,-47895,-47805,-47693,-47580,-47468,-47895,2024-04-22 06:25:00,,ANALYSE,50,"{""forced_risk"": 1000, ""sl_hit_cnt"": 1, ""target_hit_cnt"": 0, ""profit_percent"": -0.0018784567369239252, ""trade_entered"": true}",PULL_BACK_STRATEGY
1942,BANKNIFTY,47800,PE,5JUN,-47868,-47828,-47777,-47727,-47677,-47868,2024-04-22 09:11:00,,ANALYSE,50,"{""forced_risk"": 1000, ""sl_hit_cnt"": 0, ""target_hit_cnt"": 0, ""profit_percent"": 0, ""trade_entered"": false}",PULL_BACK_STRATEGY
1943,BANKNIFTY,48000,PE,5JUN,-48047,-48014,-47972,-47931,-47889,-48047,2024-04-23 06:48:00,,ANALYSE,50,"{""forced_risk"": 1000, ""sl_hit_cnt"": 1, ""target_hit_cnt"": 2, ""profit_percent"": 0.00034781123638551604, ""trade_entered"": true}",PULL_BACK_STRATEGY
1944,BANKNIFTY,48100,CE,5JUN,47937,47995,48067,48139,48212,47937,2024-04-23 07:35:00,,ANALYSE,50,"{""forced_risk"": 1000, ""sl_hit_cnt"": 1, ""target_hit_cnt"": 0, ""profit_percent"": -0.0012042858407863885, ""trade_entered"": true}",PULL_BACK_STRATEGY
1945,BANKNIFTY,48000,PE,5JUN,-48057,-48003,-47937,-47870,-47804,-48057,2024-04-24 03:45:00,,ANALYSE,50,"{""forced_risk"": 1000, ""sl_hit_cnt"": 0, ""target_hit_cnt"": 0, ""profit_percent"": 0, ""trade_entered"": false}",PULL_BACK_STRATEGY
1946,BANKNIFTY,48200,PE,5JUN,-48288,-48235,-48169,-48104,-48038,-48288,2024-04-25 07:30:00,,ANALYSE,50,"{""forced_risk"": 1000, ""sl_hit_cnt"": 0, ""target_hit_cnt"": 0, ""profit_percent"": 0, ""trade_entered"": false}",PULL_BACK_STRATEGY
1947,BANKNIFTY,48600,CE,5JUN,48453,48539,48647,48756,48864,48453,2024-04-26 04:33:00,,ANALYSE,50,"{""forced_risk"": 1000, ""sl_hit_cnt"": 1, ""target_hit_cnt"": 0, ""profit_percent"": -0.0017820446129203384, ""trade_entered"": true}",PULL_BACK_STRATEGY
1948,BANKNIFTY,48400,PE,5JUN,-48497,-48446,-48382,-48319,-48255,-48497,2024-04-26 07:24:00,,ANALYSE,50,"{""forced_risk"": 1000, ""sl_hit_cnt"": 0, ""target_hit_cnt"": 3, ""profit_percent"": 0.00026214646349953703, ""trade_entered"": true}",PULL_BACK_STRATEGY
1949,BANKNIFTY,48500,CE,5JUN,48376,48424,48484,48545,48605,48376,2024-04-26 07:57:00,,ANALYSE,50,"{""forced_risk"": 1000, ""sl_hit_cnt"": 0, ""target_hit_cnt"": 3, ""profit_percent"": 0.0017418814591329906, ""trade_entered"": true}",PULL_BACK_STRATEGY
1950,BANKNIFTY,48300,PE,5JUN,-48348,-48259,-48148,-48037,-47926,-48348,2024-04-29 03:45:00,,ANALYSE,50,"{""forced_risk"": 1000, ""sl_hit_cnt"": 0, ""target_hit_cnt"": 0, ""profit_percent"": 0, ""trade_entered"": false}",PULL_BACK_STRATEGY
1951,BANKNIFTY,48500,PE,5JUN,-48528,-48487,-48437,-48386,-48335,-48528,2024-04-29 04:37:00,,ANALYSE,50,"{""forced_risk"": 1000, ""sl_hit_cnt"": 0, ""target_hit_cnt"": 0, ""profit_percent"": 0, ""trade_entered"": false}",PULL_BACK_STRATEGY
1952,BANKNIFTY,49600,PE,5JUN,-49590,-49538,-49472,-49407,-49341,-49590,2024-04-30 08:30:00,,ANALYSE,50,"{""forced_risk"": 1000, ""sl_hit_cnt"": 0, ""target_hit_cnt"": 3, ""profit_percent"": 0.0002652493121483077, ""trade_entered"": true}",PULL_BACK_STRATEGY
1953,BANKNIFTY,49600,CE,5JUN,49421,49632,49897,50161,50425,49421,2024-04-30 09:30:00,,ANALYSE,50,"{""forced_risk"": 1000, ""sl_hit_cnt"": 0, ""target_hit_cnt"": 0, ""profit_percent"": 0, ""trade_entered"": false}",PULL_BACK_STRATEGY
1721,BANKNIFTY,49400,CE,5JUN,49221,49339,49486,49632,49779,49221,2024-05-02 05:39:00,,ANALYSE,50,"{""forced_risk"": 1000, ""sl_hit_cnt"": 1, ""target_hit_cnt"": 0, ""profit_percent"": -0.002383507586789745}",PULL_BACK_STRATEGY
1722,BANKNIFTY,49200,PE,5JUN,-49312,-49277,-49235,-49192,-49149,-49312,2024-05-02 07:02:00,,ANALYSE,50,"{""forced_risk"": 1000, ""sl_hit_cnt"": 1, ""target_hit_cnt"": 1, ""profit_percent"": 0.0006980809875409625}",PULL_BACK_STRATEGY
1723,BANKNIFTY,49300,CE,5JUN,49172,49237,49318,49399,49480,49172,2024-05-02 07:16:00,,ANALYSE,50,"{""forced_risk"": 1000, ""sl_hit_cnt"": 0, ""target_hit_cnt"": 3, ""profit_percent"": 0.002307002551940101}",PULL_BACK_STRATEGY
1724,BANKNIFTY,49300,CE,5JUN,49174,49206,49246,49287,49327,49174,2024-05-02 09:37:00,,ANALYSE,50,"{""forced_risk"": 1000, ""sl_hit_cnt"": 0, ""target_hit_cnt"": 3, ""profit_percent"": 0.0011451727463112423}",PULL_BACK_STRATEGY
1725,BANKNIFTY,49400,CE,5JUN,49267,49391,49546,49701,49856,49267,2024-05-03 04:36:00,,ANALYSE,50,"{""forced_risk"": 1000, ""sl_hit_cnt"": 0, ""target_hit_cnt"": 0, ""profit_percent"": 0}",PULL_BACK_STRATEGY
1726,BANKNIFTY,49400,CE,5JUN,49339,49442,49570,49697,49825,49339,2024-05-03 04:41:00,,ANALYSE,50,"{""forced_risk"": 1000, ""sl_hit_cnt"": 0, ""target_hit_cnt"": 0, ""profit_percent"": 0}",PULL_BACK_STRATEGY
1727,BANKNIFTY,49400,CE,5JUN,49174,49339,49546,49753,49960,49174,2024-05-03 04:44:00,,ANALYSE,50,"{""forced_risk"": 1000, ""sl_hit_cnt"": 0, ""target_hit_cnt"": 0, ""profit_percent"": 0}",PULL_BACK_STRATEGY
1728,BANKNIFTY,49300,CE,5JUN,49174,49339,49546,49753,49960,49174,2024-05-03 04:51:00,,ANALYSE,50,"{""forced_risk"": 1000, ""sl_hit_cnt"": 0, ""target_hit_cnt"": 0, ""profit_percent"": 0}",PULL_BACK_STRATEGY
1729,BANKNIFTY,48900,CE,5JUN,48816,48936,49086,49236,49386,48816,2024-05-03 07:23:00,,ANALYSE,50,"{""forced_risk"": 1000, ""sl_hit_cnt"": 0, ""target_hit_cnt"": 2, ""profit_percent"": 0.0036749477642058553}",PULL_BACK_STRATEGY
1730,BANKNIFTY,48900,PE,5JUN,-49002,-48891,-48752,-48614,-48475,-49002,2024-05-03 09:46:00,,ANALYSE,50,"{""forced_risk"": 1000, ""sl_hit_cnt"": 1, ""target_hit_cnt"": 0, ""profit_percent"": -0.0022682902634303987}",PULL_BACK_STRATEGY
1731,BANKNIFTY,49100,CE,5JUN,49011,49095,49200,49305,49410,49011,2024-05-06 05:53:00,,ANALYSE,50,"{""forced_risk"": 1000, ""sl_hit_cnt"": 1, ""target_hit_cnt"": 0, ""profit_percent"": -0.001715035278397829}",PULL_BACK_STRATEGY
1732,BANKNIFTY,49100,CE,5JUN,48951,49053,49180,49308,49435,48951,2024-05-06 06:56:00,,ANALYSE,50,"{""forced_risk"": 1000, ""sl_hit_cnt"": 0, ""target_hit_cnt"": 0, ""profit_percent"": 0}",PULL_BACK_STRATEGY
1733,BANKNIFTY,49000,CE,5JUN,48874,49011,49181,49351,49522,48874,2024-05-06 07:00:00,,ANALYSE,50,"{""forced_risk"": 1000, ""sl_hit_cnt"": 1, ""target_hit_cnt"": 0, ""profit_percent"": -0.002781008345065453}",PULL_BACK_STRATEGY
1734,BANKNIFTY,48900,PE,5JUN,-48988,-48923,-48843,-48762,-48682,-48988,2024-05-06 09:17:00,,ANALYSE,50,"{""forced_risk"": 1000, ""sl_hit_cnt"": 0, ""target_hit_cnt"": 3, ""profit_percent"": 0.0003292865764110112}",PULL_BACK_STRATEGY
1735,BANKNIFTY,49000,CE,5JUN,48835,48903,48989,49074,49160,48835,2024-05-07 03:52:00,,ANALYSE,50,"{""forced_risk"": 1000, ""sl_hit_cnt"": 1, ""target_hit_cnt"": 0, ""profit_percent"": -0.0013986671765120876}",PULL_BACK_STRATEGY
1736,BANKNIFTY,48400,CE,5JUN,48222,48312,48424,48536,48648,48222,2024-05-07 08:59:00,,ANALYSE,50,"{""forced_risk"": 1000, ""sl_hit_cnt"": 1, ""target_hit_cnt"": 0, ""profit_percent"": -0.0018587495252218782}",PULL_BACK_STRATEGY
1737,BANKNIFTY,48100,CE,5JUN,47962,48039,48135,48231,48327,47962,2024-05-08 08:06:00,,ANALYSE,50,"{""forced_risk"": 1000, ""sl_hit_cnt"": 1, ""target_hit_cnt"": 0, ""profit_percent"": -0.0016028593345219471}",PULL_BACK_STRATEGY
1738,BANKNIFTY,47800,CE,5JUN,47714,47786,47875,47964,48054,47714,2024-05-09 07:18:00,,ANALYSE,50,"{""forced_risk"": 1000, ""sl_hit_cnt"": 1, ""target_hit_cnt"": 1, ""profit_percent"": 0.0014962525674333828}",PULL_BACK_STRATEGY
1740,BANKNIFTY,47700,PE,5JUN,-47762,-47643,-47494,-47345,-47197,-47762,2024-05-10 04:30:00,,ANALYSE,50,"{""forced_risk"": 1000, ""sl_hit_cnt"": 0, ""target_hit_cnt"": 3, ""profit_percent"": 0.0006244300108409447}",PULL_BACK_STRATEGY
1741,BANKNIFTY,47700,PE,5JUN,-47753,-47699,-47633,-47566,-47499,-47753,2024-05-10 05:54:00,,ANALYSE,50,"{""forced_risk"": 1000, ""sl_hit_cnt"": 0, ""target_hit_cnt"": 3, ""profit_percent"": 0.00027903710187149333}",PULL_BACK_STRATEGY
1742,BANKNIFTY,47700,CE,5JUN,47526,47657,47820,47984,48147,47526,2024-05-10 06:56:00,,ANALYSE,50,"{""forced_risk"": 1000, ""sl_hit_cnt"": 0, ""target_hit_cnt"": 0, ""profit_percent"": 0}",PULL_BACK_STRATEGY
1743,BANKNIFTY,47600,CE,5JUN,47420,47485,47568,47650,47732,47420,2024-05-10 09:01:00,,ANALYSE,50,"{""forced_risk"": 1000, ""sl_hit_cnt"": 1, ""target_hit_cnt"": 0, ""profit_percent"": -0.001385675943465325}",PULL_BACK_STRATEGY
1744,BANKNIFTY,47300,PE,5JUN,-47376,-47304,-47214,-47124,-47034,-47376,2024-05-13 08:20:00,,ANALYSE,50,"{""forced_risk"": 1000, ""sl_hit_cnt"": 0, ""target_hit_cnt"": 0, ""profit_percent"": 0}",PULL_BACK_STRATEGY
1745,BANKNIFTY,47900,CE,5JUN,47780,47831,47894,47957,48020,47780,2024-05-14 08:45:00,,ANALYSE,50,"{""forced_risk"": 1000, ""sl_hit_cnt"": 1, ""target_hit_cnt"": 0, ""profit_percent"": -0.0010578913257092376}",PULL_BACK_STRATEGY
1746,BANKNIFTY,47900,CE,5JUN,47751,47830,47928,48026,48125,47751,2024-05-15 04:30:00,,ANALYSE,50,"{""forced_risk"": 1000, ""sl_hit_cnt"": 1, ""target_hit_cnt"": 0, ""profit_percent"": -0.0016454108300230895}",PULL_BACK_STRATEGY
1747,BANKNIFTY,47800,CE,5JUN,47658,47707,47768,47829,47890,47658,2024-05-15 05:58:00,,ANALYSE,50,"{""forced_risk"": 1000, ""sl_hit_cnt"": 1, ""target_hit_cnt"": 0, ""profit_percent"": -0.0010229031794891754}",PULL_BACK_STRATEGY
1748,BANKNIFTY,47700,CE,5JUN,47614,47651,47697,47743,47789,47614,2024-05-15 06:52:00,,ANALYSE,50,"{""forced_risk"": 1000, ""sl_hit_cnt"": 1, ""target_hit_cnt"": 0, ""profit_percent"": -0.0007743771405547279}",PULL_BACK_STRATEGY
1749,BANKNIFTY,47600,PE,5JUN,-47698,-47644,-47576,-47508,-47440,-47698,2024-05-15 09:39:00,,ANALYSE,50,"{""forced_risk"": 1000, ""sl_hit_cnt"": 0, ""target_hit_cnt"": 3, ""profit_percent"": 0.0002846084744480939}",PULL_BACK_STRATEGY
1750,BANKNIFTY,47800,CE,5JUN,47635,47768,47935,48102,48269,47635,2024-05-16 04:51:00,,ANALYSE,50,"{""forced_risk"": 1000, ""sl_hit_cnt"": 1, ""target_hit_cnt"": 0, ""profit_percent"": -0.0027947228932813607}",PULL_BACK_STRATEGY
1751,BANKNIFTY,47500,CE,5JUN,47340,47545,47801,48057,48314,47340,2024-05-16 07:46:00,,ANALYSE,50,"{""forced_risk"": 1000, ""sl_hit_cnt"": 0, ""target_hit_cnt"": 2, ""profit_percent"": 0.006467936893867496}",PULL_BACK_STRATEGY
1752,BANKNIFTY,47500,CE,5JUN,47455,47608,47800,47992,48183,47455,2024-05-16 08:06:00,,ANALYSE,50,"{""forced_risk"": 1000, ""sl_hit_cnt"": 0, ""target_hit_cnt"": 3, ""profit_percent"": 0.005638056989703474}",PULL_BACK_STRATEGY
1753,BANKNIFTY,47700,PE,5JUN,-47802,-47643,-47444,-47246,-47047,-47802,2024-05-16 09:23:00,,ANALYSE,50,"{""forced_risk"": 1000, ""sl_hit_cnt"": 0, ""target_hit_cnt"": 0, ""profit_percent"": 0}",PULL_BACK_STRATEGY
1754,BANKNIFTY,47900,PE,5JUN,-47984,-47912,-47821,-47731,-47641,-47984,2024-05-17 04:35:00,,ANALYSE,50,"{""forced_risk"": 1000, ""sl_hit_cnt"": 0, ""target_hit_cnt"": 0, ""profit_percent"": 0}",PULL_BACK_STRATEGY
1755,BANKNIFTY,48100,CE,5JUN,48003,48064,48140,48217,48293,48003,2024-05-17 09:37:00,,ANALYSE,50,"{""forced_risk"": 1000, ""sl_hit_cnt"": 0, ""target_hit_cnt"": 2, ""profit_percent"": 0.001900351192556794}",PULL_BACK_STRATEGY
1756,BANKNIFTY,48100,PE,5JUN,-48141,-48109,-48068,-48027,-47987,-48141,2024-05-17 09:45:00,,ANALYSE,50,"{""forced_risk"": 1000, ""sl_hit_cnt"": 0, ""target_hit_cnt"": 0, ""profit_percent"": 0}",PULL_BACK_STRATEGY
1757,BANKNIFTY,48100,CE,5JUN,47927,48038,48177,48317,48456,47927,2024-05-21 04:45:00,,ANALYSE,50,"{""forced_risk"": 1000, ""sl_hit_cnt"": 1, ""target_hit_cnt"": 1, ""profit_percent"": 0.0023189733234801556}",PULL_BACK_STRATEGY
1758,BANKNIFTY,48100,PE,5JUN,-48128,-48082,-48025,-47967,-47909,-48128,2024-05-21 05:46:00,,ANALYSE,50,"{""forced_risk"": 1000, ""sl_hit_cnt"": 0, ""target_hit_cnt"": 3, ""profit_percent"": 0.00024000366036777167}",PULL_BACK_STRATEGY
1759,BANKNIFTY,48200,CE,5JUN,48108,48166,48238,48310,48382,48108,2024-05-21 07:55:00,,ANALYSE,50,"{""forced_risk"": 1000, ""sl_hit_cnt"": 1, ""target_hit_cnt"": 0, ""profit_percent"": -0.001195850647389232}",PULL_BACK_STRATEGY
1760,BANKNIFTY,47700,PE,5JUN,-47776,-47686,-47573,-47459,-47346,-47776,2024-05-22 09:38:00,,ANALYSE,50,"{""forced_risk"": 1000, ""sl_hit_cnt"": 0, ""target_hit_cnt"": 0, ""profit_percent"": 0}",PULL_BACK_STRATEGY
1762,BANKNIFTY,48800,PE,5JUN,-48850,-48791,-48719,-48646,-48573,-48850,2024-05-24 05:33:00,,ANALYSE,50,"{""forced_risk"": 1000, ""sl_hit_cnt"": 0, ""target_hit_cnt"": 0, ""profit_percent"": 0}",PULL_BACK_STRATEGY
1763,BANKNIFTY,49600,CE,5JUN,49407,49509,49637,49766,49894,49407,2024-05-27 09:17:00,,ANALYSE,50,"{""forced_risk"": 1000, ""sl_hit_cnt"": 1, ""target_hit_cnt"": 0, ""profit_percent"": -0.002070299284484369}",PULL_BACK_STRATEGY
1766,BANKNIFTY,49300,CE,5JUN,49156,49285,49446,49608,49769,49156,2024-05-28 06:00:00,,ANALYSE,50,"{""forced_risk"": 1000, ""sl_hit_cnt"": 1, ""target_hit_cnt"": 0, ""profit_percent"": -0.0026194396509307237}",PULL_BACK_STRATEGY
1767,BANKNIFTY,48500,PE,5JUN,-48606,-48547,-48473,-48399,-48325,-48606,2024-05-29 09:56:00,,ANALYSE,50,"{""forced_risk"": 1000, ""sl_hit_cnt"": 0, ""target_hit_cnt"": 0, ""profit_percent"": 0}",PULL_BACK_STRATEGY
1768,BANKNIFTY,48600,PE,5JUN,-48650,-48571,-48472,-48373,-48274,-48650,2024-05-30 03:48:00,,ANALYSE,50,"{""forced_risk"": 1000, ""sl_hit_cnt"": 1, ""target_hit_cnt"": 0, ""profit_percent"": -0.0016305858373737087}",PULL_BACK_STRATEGY
1769,BANKNIFTY,48700,CE,5JUN,48545,48688,48867,49046,49224,48545,2024-05-30 05:52:00,,ANALYSE,50,"{""forced_risk"": 1000, ""sl_hit_cnt"": 1, ""target_hit_cnt"": 1, ""profit_percent"": 0.002939104466576129}",PULL_BACK_STRATEGY
1770,BANKNIFTY,48700,PE,5JUN,-48785,-48695,-48583,-48471,-48358,-48785,2024-05-30 07:05:00,,ANALYSE,50,"{""forced_risk"": 1000, ""sl_hit_cnt"": 1, ""target_hit_cnt"": 1, ""profit_percent"": 0.0018461513186942115}",PULL_BACK_STRATEGY
1771,BANKNIFTY,48700,PE,5JUN,-48735,-48668,-48584,-48500,-48415,-48735,2024-05-30 07:18:00,,ANALYSE,50,"{""forced_risk"": 1000, ""sl_hit_cnt"": 1, ""target_hit_cnt"": 1, ""profit_percent"": 0.0013828331436133432}",PULL_BACK_STRATEGY
1772,BANKNIFTY,48900,CE,5JUN,48727,48848,48999,49151,49302,48727,2024-05-30 09:00:00,,ANALYSE,50,"{""forced_risk"": 1000, ""sl_hit_cnt"": 1, ""target_hit_cnt"": 1, ""profit_percent"": 0.002481145748888487}",PULL_BACK_STRATEGY
1773,BANKNIFTY,48700,CE,5JUN,48604,48772,48982,49192,49402,48604,2024-05-30 09:28:00,,ANALYSE,50,"{""forced_risk"": 1000, ""sl_hit_cnt"": 1, ""target_hit_cnt"": 1, ""profit_percent"": 0.0034445357975433077}",PULL_BACK_STRATEGY
1774,BANKNIFTY,48800,PE,5JUN,-48907,-48787,-48638,-48488,-48338,-48907,2024-05-31 03:45:00,,ANALYSE,50,"{""forced_risk"": 1000, ""sl_hit_cnt"": 1, ""target_hit_cnt"": 0, ""profit_percent"": -0.002457574052609332}",PULL_BACK_STRATEGY
1777,BANKNIFTY,48900,CE,5JUN,48749,48875,49032,49190,49347,48749,2024-05-31 04:36:00,,ANALYSE,50,"{""forced_risk"": 1000, ""sl_hit_cnt"": 1, ""target_hit_cnt"": 1, ""profit_percent"": 0.002578002477746826}",PULL_BACK_STRATEGY
1778,BANKNIFTY,48800,CE,5JUN,48659,48812,49003,49194,49385,48659,2024-05-31 04:44:00,,ANALYSE,50,"{""forced_risk"": 1000, ""sl_hit_cnt"": 1, ""target_hit_cnt"": 0, ""profit_percent"": -0.0031303745693942973}",PULL_BACK_STRATEGY
1779,BANKNIFTY,48900,CE,5JUN,48775,48902,49061,49220,49379,48775,2024-05-31 09:00:00,,ANALYSE,50,"{""forced_risk"": 1000, ""sl_hit_cnt"": 0, ""target_hit_cnt"": 1, ""profit_percent"": 0.0026031468835342863}",PULL_BACK_STRATEGY
1780,BANKNIFTY,49000,PE,5JUN,-49005,-48917,-48808,-48699,-48589,-49005,2024-05-31 09:45:00,,ANALYSE,50,"{""forced_risk"": 1000, ""sl_hit_cnt"": 0, ""target_hit_cnt"": 0, ""profit_percent"": 0, ""max_drawdown_percent"": -0.00019281263755486036, ""max_drawdown_loss_cnt"": 10, ""max_consecutive_loss_cnt"": 6, ""max_consecutive_loss_percent"": 0, ""profit_cnt"": 91, ""loss_cnt"": 90, ""net_profit_percent"": 0.05697620699267168}",PULL_BACK_STRATEGY
